ownerAddress,value
0x13eac939d3c7ff1a985d164d1f14411505b4c822,0
0x2c8875f34ceb219f61b7453b2c5f100ec2f6ed33,0
0x2c8875f34ceb219f61b7453b2c5f100ec2f6ed33,1
0x9274f2f89fbe5dc00c21c628e46a18c7187c14d7,0
0xd3e401814d1faa8ca0419ecccbfee93ac7b15b31,0
0x9ce3aebe5e73cdd5357aa4561fe1b01d78f89fbc,0
0x9ce3aebe5e73cdd5357aa4561fe1b01d78f89fbc,1
0x0a98f97e89743406a8611e1b4219a073b60ffed3,0
0x0a98f97e89743406a8611e1b4219a073b60ffed3,1
0x149157a39b5966410e018c97107c641951e72ddb,0
0x129c6695dfe7a906bd8fda202d26dfff601f83a4,0
0x134cb213549c9f114176adb9e4a78d6a272a3672,0
0x1566ae673ae80725bcce901b486c336e6acef465,0
0x4b751c81b3290a6d698de0cbbe4d430f69ba80bf,0
0x8a9bfdc136d5d1166497882af5d8c9718f27fbed,0
0x8a9bfdc136d5d1166497882af5d8c9718f27fbed,1
0x248458947c120ca057ec028b3fe7e4b3f26fdb3d,0
0x248458947c120ca057ec028b3fe7e4b3f26fdb3d,1
0x27b1abafb2cb065cfaf41b4b7ee95d27192151b2,0
0x2924196a2ec71ea4ae1b1357381eccdcee6c18f2,0
0x114c1eb0ddd7cefe5f4fa679b1f4d92c09126b9b,0
0xc07a67f50eb5bf18fd0c140c702a3032faa3681c,0
0xc07a67f50eb5bf18fd0c140c702a3032faa3681c,1
0x2db19ee7f7e0eae5730e7a393fcc899d70df9f25,0
0x3cb63b82d778105e43f064ed739b0655f1f0fb87,0
0x3cb63b82d778105e43f064ed739b0655f1f0fb87,1
0x3d0a1d20ac580ca8fa35888c92dd0859887f3398,0
0x400e904b5071bc41d0c69aeaa5c5de34bf83cae4,0
0xd40b63bf04a44e43fbfe5784bcf22acaab34a180,0
0xbdc29767d8bc6dd6b08d64d74c8ecf11b3f5ccf4,0
0xbdc29767d8bc6dd6b08d64d74c8ecf11b3f5ccf4,1
0x477ea7a022e51b6eb0dcb6d802fb5f0cfc3b4a81,0
0x319af5203839970ccb04d2eda95c427941c498ae,0
0x319af5203839970ccb04d2eda95c427941c498ae,1
0x520e8d6c5b2dbbe62bf8a40653a314d879b19b86,0
0xf0cf0a85c08527d8207a3ef45c5dc5af38a61da5,0
0xf0cf0a85c08527d8207a3ef45c5dc5af38a61da5,1
0x53562e8ecee54356dc89ad263a444528b34d6c80,0
0x494e6fd90217d3b19be362a4a698c760cb3caaba,0
0x2638c0c7bb8b6cc7af4f90a7ab01df9398e46893,0
0x60d2bc84a71af61b82d1b4168c9103ff6c4898eb,0
0x61d9d9cc8c3203dab7100ea79ced77587201c990,0
0x64f7de90dc79d775703bbec66a1591c7a26a22f0,0
0x665654f2d2a151be2d0f8e3697e6ce780f732af2,0
0x665654f2d2a151be2d0f8e3697e6ce780f732af2,1
0x670a840848eba22eb2a090fd65e1ff60c3ba9e5b,0
0x670a840848eba22eb2a090fd65e1ff60c3ba9e5b,1
0x699990a8e7ada9e92c932d6e8fb365024fc74b43,0
0x699990a8e7ada9e92c932d6e8fb365024fc74b43,1
0xad9242795ad7fe630adda2b29ed39a4f4c4fd84b,0
0xad9242795ad7fe630adda2b29ed39a4f4c4fd84b,1
0x6f0735bf1e6c69030d6990cdd580345b370eb50a,0
0x6f113b0c8c7266d7514e4986e3d6aaf013b6754f,0
0x44cb86a104d9c31bf98f8c7b7463b1a11239da36,0
0x729fcbb6e1289c88ce5113ec1c83a48a8e3c9f2f,0
0x729fcbb6e1289c88ce5113ec1c83a48a8e3c9f2f,1
0xe39bd9e3af2054dd193b0d0217cfbd460f104902,0
0xe39bd9e3af2054dd193b0d0217cfbd460f104902,1
0x75005a05bc163b85991b9c9facbcf3155372422e,0
0x7546c60ae8d65dc6dd7a0f61c169818059ef49db,0
0x78a576d3751e8cc8f30c54c367fe8e5a2cd71228,0
0x79c5146bd916944b4f4aee4c2447644be2b78e0f,0
0x82139687faae8a29851902783e02e699de0e0846,0
0x82139687faae8a29851902783e02e699de0e0846,1
0x85603a042455d2f36f3ec52c1c756344aa70c5ef,0
0x896b94f4f27f12369698c302e2049cae86936bbb,0
0x62da56c6f6a58d9c0efd4e67a9c05dd819f3019a,0
0x8bd9c4b5ea8f6f14c9b14d830ddb67f3720d77f6,0
0x8bd9c4b5ea8f6f14c9b14d830ddb67f3720d77f6,1
0x8fc2326375174bfe3baccc98cb9906921dc9599c,0
0x9224bbb4e0fbe2f2f8fab55debc41eb21fdfb804,0
0x9224bbb4e0fbe2f2f8fab55debc41eb21fdfb804,1
0x982d3c5223f6b5794fccb3208eb164d042cf2526,0
0xa32f90b21d11561d31ff604745907acc77fb67e3,0
0xa56c04347abee42f663eff9bc2d0147b97c8f782,0
0xa56c04347abee42f663eff9bc2d0147b97c8f782,1
0x09c3722773771ca55cdc70a4ebaa967fcd651224,0
0xab2056903a7b62bac46f45a3d7a70ac799ca88cb,0
0xab2056903a7b62bac46f45a3d7a70ac799ca88cb,1
0xae0d16586e5d60d334624c115216a52b9b1a0335,0
0xae72c6a6fad9fa9d82d089e1ebf73b3043855425,0
0xae72c6a6fad9fa9d82d089e1ebf73b3043855425,1
0x17fdd5ab047e502ce1faa065f49170875b083a47,0
0xb6b4a02dca517564eb98790ff67d42b5b37a3d4e,0
0xb6cf25f5cf8a1e1727d988facdd47f1dfc492caf,0
0xb6cf25f5cf8a1e1727d988facdd47f1dfc492caf,1
0xceb6798d609f86e156f36735eb39108af6d9a8cb,0
0xedd1f30d69898e4cb710cfb47c6114d31e6fed06,0
0xbbdd72fcce73c2626719be00259ddffef0d5673d,0
0xbbdd72fcce73c2626719be00259ddffef0d5673d,1
0x41d5939a4525727cc3777073b40aaac6030a22f8,0
0xc02e6b0d0c1a5d8cd26beeba0fe8d76c5d2f19b9,0
0xc02e6b0d0c1a5d8cd26beeba0fe8d76c5d2f19b9,1
0xc2419841dcb9a0f8906d06463ae24e00e1470846,0
0x2d52ac4c7cd1cef8b62e9d31c36b291642970c3d,0
0xcaa1c396e70384db58dd33be74b26fb119e98c3a,0
0xcaa1c396e70384db58dd33be74b26fb119e98c3a,1
0xcabd5f77ca9d48f4ef9793f20de42ad39ce93979,0
0xcabd5f77ca9d48f4ef9793f20de42ad39ce93979,1
0xd007058e9b58e74c33c6bf6fbcd38baab813cbb6,0
0xde112b77a1a72c726d8c914c23dceaa53273c351,0
0xde112b77a1a72c726d8c914c23dceaa53273c351,1
0xe359ab04cec41ac8c62bc5016c10c749c7de5480,0
0xe3b41ae8785e4107cc69f988042ff4a66a367fac,0
0xea39c551834d07ee2ee87f1ceff843c308e089af,0
0xea39c551834d07ee2ee87f1ceff843c308e089af,1
0x59405cb53fb84706f3c4b522c57d71f125fe5182,0
0x538f08b2448d69d85b312274b15faa468464939e,0
0x538f08b2448d69d85b312274b15faa468464939e,1
0xf15a6b54e68884d27e1bebb1624d70c227b7d04b,0
0xe5798a530bb7105e148d38ac884f05c28ed8e804,0
0xe5798a530bb7105e148d38ac884f05c28ed8e804,1
0xf8aace471723dba6514f6c6d43651611a0c34529,0
0xfd22004806a6846ea67ad883356be810f0428793,0
0x2a42cf4e1cfc33850fd8d8da24f86cd89b82ad95,0
0xee2c055f7706b9dfcd98cd5a23d5629d6316c0bd,0
0x692d6cf19e0c082185e20ff5ea6bb267e7aeb278,0
0xe9b5a2529ad21454cb5e4d172dcb4bc501789463,0
0xc9a194bb6a3855b14dc4699cabe7b2881c3f6552,0
0x7572bc33d10d75e45b510f5af35e98059af2bc34,0
0xff2341680047fa367b1a091cc954eb06a0af167e,0
0xa5dce742f3775059d9406342d2ecbb0ff8e3a3c2,0
0xcaf3365d474690a1ac6643d3d6ef44cb0c6deec4,0
0x56c1e427a420119faa74c66ff345544c41cc6526,0
0x213f6b2680dce3e4d0924acff3e4e34520ef9ba1,0
0x2733cbe186440511cd0aeef6dd37a67dac40899c,0
0xa8b98abedbfa97df97c8a6cbcb6173376a7a0266,0
0x590e2ccd3b14227f6252617fa1a58bf8b2333d50,0
0x5de26d392ea46ffc17131042e2584fe6ba46206f,0
0x80a1c9fdc26199a69d190ebc8ad287ef48758977,0
0x388160a99390392278afdba240046b8b5e73f77b,0
0x66d5527411d821cb513f2d214bbbc0ad73586b35,0
0x6f8f3f5463f9e4fc802687acdccbf4ea358ef5fb,0
0xfdbced08b2874cf4990a53b7e6944d2fbb725085,0
0x8a1e2c59edc994a7f1394624d1df6078d7e6c818,0
0x4f804ee7e946d8bd9207999632bc56569ee946fd,0
0xb0689ce4c127345d05db41c942770b663fd111ca,0
0xf7c98f4a76ddca190fc4cdbf7246d6c908242750,0
0x27fd36e07bca70e64bdc1425e6bb5383d5089b62,0
0x14ddb398ce7a516c399a95b5d5c9a41326ec93de,0
0xbe9998830c38910ef83e85eb33c90dd301d5516e,0
0xe22059d454c705f70ffe2a5706844a3a27a2bec8,0
0x3d423e1b53633e12b4faa112c9a01246079ae9c7,0
0x23602ca06e977c86339ffddad74966e824ab691e,0
0xadebdeab678647a457743ea3af98f8b804e45c24,0
0x3e7374ee60f296ef2350c47a5110cb5233321756,0
0xd28daf10f9b7c7e0ab8075581e27186be805fe17,0
0x13eee41d67b8d99e11174161d72cf8ccd194458c,0
0x7d93f170dfd65d14d58682678b7a0d171f287c93,0
0x2414db01b0624f877a360de7eda62afaca7abbcb,0
0x47a79ee280b4a6a8d68a3ba16e4082a765a2b20f,0
0xb31a4974499daad3255206daee7d1f3595fa259e,0
0xa490a0346808dda91aea6698cb19e4697d9fc5cc,0
0xc78cd2e1e8ad4a288eddafb139c9d0891ad01ae7,0
0xd3364ea1c742cc2d396ac65e1723b8d608a939bb,0
0x2a9124f2a67f208dc9161493d23ffd7f3f8d008b,0
0xe5b545c8f1c6a9ecbc53d78b3a2916fcf065bb43,0
0xa71000e72d38e6a84d7190f59fd3dfc73931c0e8,0
0x12cd871105b29760a61f56753d54a59381f5bcc6,0
0x6ef8fd2ffd39df9e73eea701e17db9cf51ffbb7e,0
0x405020c797a64f155c9966c88e5c677b2dbca5ab,0
0x614b89f072ea263a9387460963142e73548fbaf1,0
0xd3aefe3c531e3e2eb0689206e7d495843c943550,0
0x7f94e30381aa6657c45833ec7fce2e493c1888ef,0
0x9f6ae0370d74f0e591c64cec4a8ae0d627817014,0
0x2f4fc87fac91ae32fba3d9c60364897cbcc9f438,0
0x69fde561275b85dbcd5081d1121bcae64fb83858,0
0xd87ca052936bcc2b6283b87d2f0aa95cf0080584,0
0x5dfc1f36bee4938b3dc8ebdb4c34f64c935fc2f9,0
0xeecc9f94c674161e84ab0c60c020432ea8f88bc0,0
0xe74abe3bc87a4cf34acfd7c548208700c0e669b0,0
0x690dabe81caf23ff4f855d27785d01da66ede8ca,0
0x5f656037e30a003862cf878db24ab5f537177fd9,0
0x7ca00a09e3b431d48c30e3e6cceaaeaf6385cc81,0
0x5c95598fe454882fec1139c3ed1284255b49c8b3,0
0x6ecae358e99dfdd1abe900bebe5f775431c12324,0
0x571ae158b7f1ecc0ab4f17c9474a628882624919,0
0xb0767b217fb1530b064bb1f835c57c047c08ae72,0
0xc839de0fed241607d50aa4107ae582443b906e4c,0
0x09c52c99e701304332b5998227f07d2648e8a72c,0
0x97d2b1b4a249ec77d56fd1576546996d14f7db1a,0
0xb08f95dbc639621dbaf48a472ae8fce0f6f56a6e,0
0x88a6f6ac171e24be54d95dfa7ceff80ff185b346,0
0x581bd489306df3fd5095b79d914d0db0f52eebd5,0
0x47dc3a7aec5c0e1f4b2c71303a4b1eaa0bee3e4c,0
0xeff0c128d7c5c39b06924d750ffa0296066a3220,0
0x8d49f11b33f0662074cd4ebacb69c55041631ff8,0
0xe568ca143592df06a7eabfd4d9d563f1289dc607,0
0x4c3daaef71d76fe12625e6be29d1c073dbf4e989,0
0x60fd35191ffa774e40934efb8ed34b2ec42da320,0
0x60acf8d95fd365122e56f414b2c13d9dc7742ad7,0
0x9313d20e1657ab7fd434943c931f4b796841bac2,0
0x4c48d00997c6d23d6b47a9ce8caa6027d0068e42,0
0x7ed69ff055d746d451f675635e9bf773accc6a97,0
0xb42ab92f5af0f162fffefa2b1e12702ce3fc9e17,0
0xabfb3a0a0e4c1bc2ad036f4531217e2becd215ee,0
0x8b4d0402f7b2f063f255214b7095b5911a257a30,0
0x2c9646bf2477a747897047b69ca1a1913ae5f611,0
0x69cd43dd4ecf3a076b1b9d2cfd41589987129bc0,0
0x1920dbcfdf0fd291a71bec0b66e20ff8674b01a7,0
0xcd241563f7288b5eb2b9b715f736232889b62d8b,0
0xa44b68fc590a2fd1cf48f2689a8aa2c8b62d2261,0
0x98dc45a0a69a60e63f7a042507ab38e4d492cd69,0
0xdd0fb2cc4b9f81a479e1d6ee9ca930c6cd058ecd,0
0x7499003740393bec0ece8745e099c2eb3f59dc9d,0
0x4a5ab24d794951af8d611fb1ccb1cc453f43d37d,0
0x7b5af6790381f932abae790e8b0d0ff50e287f8e,0
0xdefacedd05c40a2963457f4d730e3b40bc1b16e1,0
0x75b772f2bb4f47fbb31b14d6e034b81cb0a03730,0
0xe1c22662f4f1320c6e5319d002b3c3d52f0d0135,0
0x8729250ad053ee455b55d862fccf1030c2eb4e0c,0
0x1e47bc8b6c585dfff2e166257767050666151f0a,0
0xc7a295b1b2df1efb82aa204958b98ac30171cb85,0
0xb9cf551e73bec54332d76a7542fdacbb77bfa430,0
0xd1afbe4da2a5adc6faf30fcbea9e4eea0ba8c70a,0
0xa35e0b9b931b07219d0fbeeb474f72dddf95c85b,0
0xf8be957f65e67fb0342992a51c30290d5758f880,0
0x7abdd18d37571e1ba884a8fa9e07a3612b584661,0
0x19d4ccaedd75ef32ba76430af03e27cee010606a,0
0xe96ba1a10f72b58934b9ac0e3fb471d2ba65b757,0
0x0220e0b5a23bf2419e643de74649a01bf77960ee,0
0x17e31bf839acb700e0f584797574a2c1fde46d0b,0
0xe95e35d6e05c1ef8d442ddfe83faa0d9c5c4b143,0
0x2ae7ac4d95e1bfe1172fae1c8efe9097119216cf,0
0xad9b8a1bdd5dcbf2cd5f69d3f13eefe37b51245d,0
0x8081a75141dbc89f70d31eece08ff12cfe105e43,0
0xca3e7ef7596fb4258133c888dc205b4047c09307,0
0x6232d7a6085d0ab8f885292078eeb723064a376b,0
0x1a7d7e6abea492e7b9a3cae667f468c72e884671,0
0xb0f582963d54318867c7076efae2e9d96c0eacc6,0
0x408198596e2a166d80d61ff7db4a8ef5f9e96e79,0
0x305ef4a474336c95cf6178ce58728dc228e9ea41,0
0x84aeccde4c9f217e83d3fa28c31d34378b903f91,0
0xe74ca58ef724b94fac7f2e09e2e48536a5c1ad03,0
0xa530f7739413e787c205233658185edc1e68c25e,0
0xe840fe7f29e61e2dbc6a7c1947e51fad47f20b5d,0
0x04294157cfba9ff0892f48f8345ea3539995f449,0
0x98cba78ba705efaa9c9d9015b5c95ba1e2c3b2cd,0
0x177a8340bddc2041cc362aabf543dee4e394e3e3,0
0xc8cb180415b83f3f9a61691d246fe39a74c6a41e,0
0xd7e32b8a326ffd9e784a1ee1eea37684a7512171,0
0xc5a2c3a524be0792519655d4093b44b988db4f68,0
0xba12fda058a14eb03c14613601c3a30d6f955196,0
0xb2d866297dbc7c7d8ad045c05afb48a95f28fb3c,0
0x8af0b9a9b751e086122bc340188bd9d99b8c7ec1,0
0xab5f32d395b515d132d5a1f1e3337f4f679d13be,0
0x8874174a2366668d54fea6343f71709389563c8a,0
0x6b6ae848f555f70944bc99d736fe29fcaecf8b23,0
0xd4012980ef607f79b839095781a31cb2595461cf,0
0xbe8fe12b9eb1ca2a593e6c070c71c294b6fe9f00,0
0x2d0ddb67b7d551afa7c8fa4d31f86da9cc947450,0
0x72703b554a7089f93ff1fc6cc6c0e623900a7b80,0
0x54669ca58bf3a59caea8ae5135db491e4738f65a,0
0x54669ca58bf3a59caea8ae5135db491e4738f65a,1
0xcfc9336910420e2fb7b9c19f62a38bbac34dc352,0
0xd4e1a607d3ba4ac49f8517f8cfe011b5fb57b6f9,0
0xd4e1a607d3ba4ac49f8517f8cfe011b5fb57b6f9,1
0xd2b9f9d1e6734f241b2a6eb64ef7f6e63af0a97d,0
0x5ffd8de19910efff95df729c54699aebcee8f747,0
0x170fb8f8f37776dc48184686dec386d2d1c41cc9,0
0x4f76067f972fd47631c0e52547d80eac5bc49d50,0
0x5d6abc52be03093a6de9d6143fbbab25968b3e55,0
0xc6cf5a020bcfc65c6f8181c04cbb5ef5050fe28e,0
0x5b33b6f41e87111b7d22685b297f086b5535034d,0
0x6c0e639dcfc73e810bf66c90a9005d4ebd8a7e5d,0
0x27150c1107adbf8c971d575efd72325641a25459,0
0x6ac7466fa71c7af32f4ffcfd20016eb4fc9ad879,0
0x8043812aea5a07dd6523b5d83abd5e606422944f,0
0xad30b79c749c458601ddf4817dd768c0b4fd932a,0
0x00897e2d7168165b81558c3cd9257efb007f2410,0
0x343e85ac3009ac01538d4251900ce1a2b7d7ffec,0
0xdcefc9ff1e47e458e56959154c1cdcf56003d30b,0
0xab3ba2d668215acd23f7da923683a5ed88bad625,0
0x9ecdae245a159b4385aaa7f7c6bd8a82660b86bc,0
0x832e47e53df5c771be86a3e03b49cde53088b156,0
0xdde27b3ba448e15357183060ae006bb54ebb3d86,0
0x11a22b262e505d355f975e1e48a365b5d4811ae0,0
0x7a231b6d33f1da74e9fb593bc785b4914a852867,0
0x8f160eb907a80517a3fa6d22f7cf20f552696a44,0
0x58c5b881fb2794d04f0dc0ec65f94a119cd43aa0,0
0xc9870f60415c62d998dfe3ded15aafc015f45acc,0
0xf5cadf5236b5eadb3df5ff55977bfc08f283c342,0
0xa7cafd18dd8bc1e23203058d66f89f0f0ee539d9,0
0x1430997022e8ccf845af34596ef37f4754983f85,0
0x431181dae361813567f35ee2abac73291820fcc9,0
0xb7546d1b04151e1e96d38275af66eaf984fdad2a,0
0xbc5a7cf988f7e7e8f3893cd0ee1d0786cd4af889,0
0xb356ab415aafa4b688a6c457e61a4a8f7d5096f0,0
0xf03ef3e139a037363a9a8e623999a69276449039,0
0x3d9e77bd53dc0c2a3110732e30d0b969713fa4c2,0
0x903395c9e6fd4f94fbd706c85d397a5df219efa2,0
0xd7f624d0a67d09171b9555e2f43bde7acb16d79e,0
0x5e0737b90f1db90eb4f423dec067fd6c06a958d0,0
0x5e3118e91b0a02a5e2b92e49700c63434e94f0b2,0
0x6ea9b0e6ce9d17d446fa156cc007df9b94abb34e,0
0xebe326d8de3413f8132518dcfd45e6cbff7e5c27,0
0x92b1b677728e36734d59067a4ce53e5bf1f3a2ab,0
0xd5ec003289265705727b622f1700fe814e54ca67,0
0x462fcc4b3fc64e0dfd751424bc3b070d79efb300,0
0x1b008929f807de617552a72a62df98e0953699c4,0
0x78fe00188743bf11915f9695763d04072ce2e2ff,0
0x9d9d33fbee79e1d726e6e70cca6069e4227a2127,0
0x4d7e6948fb5ed2d92897de0605cd642eff69fbf4,0
0xa5ce27ca5e31b1de92db2d2bc109b3e23cf1d4c4,0
0xdd5cecf2835d465d490f79ad9773a848805a3219,0
0xe8a05c7f4e9c1aa060cf941dbb50381f342d7d43,0
0xc8bc8b83d592f9c72ea3ff494907280aaf096605,0
0xf054274dd74987395d28136e53f39ef4f7b19994,0
0x40e6d6e798dc878e12987ed978f23c2391f1f570,0
0x57a879266c02bd29d11c956156e9a524de4483d7,0
0xf4df143e90c2095e173f861a22f1e6a2503d06cb,0
0xb2e7f7cf519020c8b6ff32a088fec95b03ccc715,0
0x37ea6c993c5f42e1fc3455d5781e4a580760970a,0
0x67a3a43a55bd9cbfa5d696a7ef2d57e9e0869fdd,0
0x930922b1114ed66734bd773184667b227520f43f,0
0x34e03545e5527f54243ce5a4f88ebb202efb0ae3,0
0x34e03545e5527f54243ce5a4f88ebb202efb0ae3,1
0xac32ea503c5e3e03d7e079d7fba99a168fd69b6b,0
0x2c45f65d254e85584b47ec82450c91a30cfc6be1,0
0xffe6832850476eb6d5ff184d747ed84f1b686aa9,0
0xf42884e0a175a07b82354325d59be7d7d295e52a,0
0xb775df51776d6767f8c2f5a14b667e300f60447f,0
0xb5497427ac120c734a76be1b85a82156447c7e78,0
0x98004498c85c4b1997b3f669475a038bbcec2160,0
0xa04f4a4b7306cb72f30828834db01699362a4989,0
0xa5214719feb1d07b66292a5d4d0a2712bd048435,0
0xe41be092c12dc99eea3f8e91e0cb4bc520d9705a,0
0x111818a51c4177e8980566beea68fe334be7b76a,0
0xaa1e92ddd28c835fe66689771d35f38947950fd4,0
0xd35c49a60f9d5fec3ea2c43616ca0e2dc84a7af0,0
0x9f4fe19fed4a008a270840fe95660f25df36c734,0
0xdebd22d7f63648dfb69bb6e2a4c88264d578c0a4,0
0x2be96c05fb7e81b020c42086b69d21bbf427b53a,0
0x39256c222e2a16db63f21da9d8266fc6f95f45b9,0
0xd573becb6a6b0a0d43065d468d07787ca65daf8a,0
0x8c8fffcfc3fc82a8777886e984f9b32ab91b2a5b,0
0x8ffa8d00db5df56a20c30b737c5efdaabe140df4,0
0x97ece7185467c78293f3b796bde3704421d4fa69,0
0xe2d22dc1c2f7c58f86606e405325c69f5210a6a7,0
0x26a1e46832bd5ffd7d21481d185fc258a7080316,0
0xa4580851905c60fca8c6a7995036ddcecf060f4a,0
0xa32c38646299818ccedc6401818c2e1639c39c08,0
0x577b282c846756b7a01bcf49c5a7539922d5fb75,0
0xb960be49f51a6c3234319acc0b9fe1a10f70a94a,0
0x39bba3c54a3412127bdfb0f218efea52b5d28300,0
0xe04da86529bc2078c8ae3474b2d67bedf1139c95,0
0x6b8c7017fb844612a25d6220d7382b33a227c612,0
0x5fbe799de139710a2eb644f0410fdffbd5f189d3,0
0xf1d83de0ead95747f4ac184b36659c0d538309c8,0
0x0b9ed225ac0098a1507e914ab96a4a4af5497026,0
0xaf3f931b3b0fefb387a4bfa6d5f39dca59b18109,0
0xcf2f67229aeade145c9beb8508798458798e7b82,0
0x18595f049a9c5c2019efda113009b0ec1c89ceaa,0
0x6666083ba28027fd6db24a3c1bf288c0f3f95807,0
0x7dd14501c25c221ffe213d7d56d225f4fe411038,0
0x85f0a0bb2ef4192bcd79a20c47b26096c99a9907,0
0xb8ed7d09aeede2e7e9abd156c2b93defd32473cb,0
0xb5374cac6cad6b025246f19d20b0d4151b640558,0
0xbc70de3ca1335c11a87926f270826377c9b1a4ed,0
0xed1e25178d7a6438c356d3459fc3efa9458ad52b,0
0xed1e25178d7a6438c356d3459fc3efa9458ad52b,1
0x0d6b4f304b91a3b67b1db34776ef7e95effbc729,0
0xb6c7e03ede87692deb1de7e40723b952e0fd3773,0
0x4c26c796abcf3513807efa54d54c34405b84a36a,0
0xd62af0477b1991197da39a38cbf9c7199f4737f3,0
0xd7d941ff2890bda98f40a5dda0593d239a603f09,0
0xb3897952ce7a4cea159d232dae8d02ca8273372e,0
0x1773fad6563cd5b6a903e8bf81e9137127f941f8,0
0x7e8ba3fa5f0102004e734437f18eb2de612c3187,0
0x542c5648d46462207fba8a4bd7d890b4154b722f,0
0x616ed054e0e0fdbfcad3fa2f42daed3d7d4ee448,0
0x65876304b2e6da8248094808cf2a2f6022c534e1,0
0x1c3c1c24d4cf6b2a73f4bbeee33d9d5ec8048aa2,0
0xb196931ec22517b0510705eb56d5652fe73877f0,0
0xb4627672ee52660a9e453ec541834e04583f3602,0
0x565465a0e19309ecb839319453e2c83aa0befdf2,0
0xbc2ab46887142d546a976d56eb9a3d9da147ee65,0
0xc4bfc1dc25827f39ad4a66bfc968456c7852a9a2,0
0xc7d2d152dda8cf7a7860288c3db9a1a4ce29162b,0
0xcb9f87919b6818ccf3e8350e0ee2e13200dc8fe8,0
0xb9459e2778f142996053517bda1b69e5d34fff91,0
0x9f35af4727fb91114563d8a8f779a792cb557f3f,0
0x2177da04f9479496c2292d6344d306aa49beb34a,0
0x1ecded4519a9688ef4bfb5f15811c52f048ba1a6,0
0x32e263cb9003f7fef329080bdcbc82f5cfd6c02f,0
0xd41df4a30fbe6b282ed6294a704fb33090557566,0
0xc17248624eddbd8fa6c0cf29fbe9b4e2b59e6254,0
0x862464bbd83d5743f9cf873c6ea3d187d0f909bf,0
0xc5c8a80722ad7add11dd1da21d7aad35e9f8ad91,0
0xd3069c9e486a8b77add55ae3ceb3a4b138fb76c7,0
0x0c481cd7d09bdd222351d52622d272367cb3d159,0
0xbfb7969e75ee4e58620f74135d167f5bdd60800a,0
0xbfe384d79969bcb583b8a0e5fedc314aee480e7e,0
0x176ab08b25404b8b09026731c044daeac68164ba,0
0x18412b9f84df461bdc0f2e0709df507d5bdb6363,0
0x6e5632d334b861dfe4312c7ba34e175b60be0b5a,0
0xeb0c4e7244100075c227cb60ea8107cae39c3211,0
0x72cea5aaaabd1cc5232bd2117e5d21e83cbd0e51,0
0xcfb3adac1f63fcae9b9c559afd60fd2d6b52008e,0
0xc1b0307ff325527511310c7d6fd3248188742f86,0
0x5a7a4bde5ec6064a66504321af27a82b093f6438,0
0x886478d3cf9581b624cb35b5446693fc8a58b787,0
0x1c5762f9899b46c19d4c9b8fbdd38d35856227f3,0
0xe00babbb675e179d99606a00f37c8b01173ec396,0
0x6c447537ed9c6928492e0f2882278ac530892ff2,0
0x3e6b87ff2168d15794a865d09a6716415e7dbecf,0
0xce990032a3ed14e197421270a9bec9e276bf2f31,0
0x21b9c7556376efdbf9ee316a4ede0c8257fb7533,0
0xa4b61e227361a9cd9e62ca10946c27748a382cab,0
0xd0b2d2d86a45bf2f13a3af83df6e7b5fe98050f9,0
0xe776de32c9dc8889e2dcf1cf0606010a51d1abb2,0
0xca1dc8d021bcd934424e9ff4456d06b6c5d1b0dd,0
0x0d69a096b2c66310309f0ead1d6c97c4dfe87086,0
0x12efdcbbcdd6695109ada38e33c56173c2ffe2c3,0
0x3bf55d8aad7ca0c5cfe1f697d7783437b9e034fb,0
0x6299aed920679c4a680fb53a0e63b8f878208878,0
0xd714ebb8d39e2cef1d0cbf9677bd2f2afcc4cf51,0
0x8856dcf8d1f9be083a25251b0149ad74f971b806,0
0x2f5fc65b9c6d1fee8ba4ca23fb2d7c363c95133c,0
0xf4141aef39803327497f6b81a21bb3f2acfa2436,0
0x9adccfd429a7ba40e7945841164ea2cffa7611fd,0
0x6afdf83501af209d2455e49ed9179c209852a701,0
0x9e1e3857fb2484379858b9daf230379015a7a100,0
0x20ebf9ae7c66da763fc1ce86062ce883389c8e23,0
0x70e680b9493685f72e76243c09993fca768eedf1,0
0x63f11d2060d147e75c2bfb83dbebe155b4d06b66,0
0x94f052ca65a34d7f581bba95a749b1cf52689dd5,0
0x03f4cb9e297ea659f30e09341ee7155a7d136398,0
0x05a13dcf55ea6d532f15284f39e02811fc183a8a,0
0x1a7f174dcd4211d41c7c4d7dbb3a0e4db5780c67,0
0x410a9f44948576c60f94b165f63eb79ce769a04c,0
0x487869b7557f0fdecbc5141da1d7c48c15c5b8eb,0
0x7f1796071eb91aebda10a03115fa3cd95efdb25f,0
0x9f432a2964351a7830bd9ea10f65107677d73e04,0
0xa41341bab6588948da8503d1dfb0a0ab0ea269cb,0
0xaa1d3f5d45333e40467e989d472effac4da00da9,0
0xbe2f803bfbcffbcd77aae4e9104406abfeda497a,0
0xe3fa3d26f669f52febcb00bd1789dec3c1bdd02b,0
0xdc7d0d897e1b7998c780d16b3c08482a74e71f33,0
0x08f1f3669598eeb0e8a63fa73480d1e023c30afd,0
0x2ad6ddf08ee9344dab9c3cd0f37becb765b808b0,0
0x808421753a181e96812796b7ab43d3f356cc5a77,0
0xff7e887f2b7c7594e601ed1c2e44b55bb80f774b,0
0x06d643b9ee73de07ade8b5c9fd520fa2aa28262a,0
0x06d643b9ee73de07ade8b5c9fd520fa2aa28262a,1
0x0c6306c1ff8f0ca8432b761085d5ce74160a499a,0
0x1cbf9983e0d59276a58db8e8529706004fcb1837,0
0x0f9ab846449ca068f9714818a6ed0da5d819e9e4,0
0x1af369bc1069dd286ff59cd69553550c07e0dd05,0
0xcb6a1ff7aabbe2afceb4f7c5a6ec7ded94506c50,0
0x3d91ad906c3969f86c588c988f721d5a735c6f81,0
0x4d4c0cbb2d169a96a9b20ee4e36aec807a07eabe,0
0x2e6435daceaa1e7e14e0715a5b8648abdebae061,0
0x56543717d994d09d5862ab9c6f99bce964ae664a,0
0x8f4f8916a5c22aa4d0ca25695146e8e4dacc7b13,0
0x140ce4fc34487ac55838316373eeb87dd10b65c7,0
0x8b6a3e1f151fbd8a45539e0942918e63d35c6cf4,0
0x954d65e5310607e12f93f6156de92cd37ffcae8e,0
0xa8879c580a54f190ed53b43d30de269097ad7543,0
0xb8937891f08af9854a5ae7a5ec0cbaf4e68acd4c,0
0xd34e3c34ae9828dffedb9a2f236af47119a113bd,0
0xddc27a0a0c24d60b607dbc7b008f2016585e57bf,0
0x412d9f0421458d6e2736f8efaa9c1ea5352573cd,0
0xbd751cac1fb27d930a6a0394d97c77908d94ad5d,0
0xef0ce6fdf1fde9b1b0b5423603d135ab6ceca6e9,0
0x0a87cbf5eec20d8d9880ad21f0260522ff5a675a,0
0x9e32560cbc32e1ea4c737d65f043a0d8f8310422,0
0x52349a2c4ea4e4b94ada3d75c9d3a318c024706f,0
0x88d1913043241cb0222937b6fb7b9792619a9059,0
0xa62da2ea9f5bb03a58174060535ae32131973178,0
0x5d3087d1aa04235610cad6198598977b9b8156d3,0
0x1471966abfe75cf87fdad8b76d657eab8400f0b0,0
0x845f97e61d7e868b49cf3b980557de0860b11a79,0
0xfff39900273ffb1045c7cfde62df1720b63fd6bd,0
0x0fb7f9eb8e9bee4dd70dc334b94dee2621a32fb3,0
0x0c55e7d45f53b6999732a75917df6eb711e58674,0
0x1ef43b94fcb00872ec73d60ff37f5c77df80ee66,0
0x22418183c90741bab6606c0e0d240ae6c3a148f0,0
0x378dcff8e6be1778b04f5712d686517bb6a01927,0
0x3d20c3f372207074df1a0ab5272c7168ce23d178,0
0x3f4373afdde3d7de3ac433acc7de685338c3980e,0
0x6b728afb80ecf886fb8e0acb07ba13a85890df7f,0
0x8854ad314fdbcc275eb0d5f4fd6dd86ab7981cce,0
0x8a9d3812020d70bd487c79f2ce471ccf87e17ad1,0
0x96de627be6262ad2e19553824aad1af6ba1ebe9b,0
0x6191c173e855202083455859e670ac16a669788d,0
0xacb1568482f9af61568d5fd05a54bfe8b7e60ee3,0
0xe4c8476226ad79c16f614a20712d348b77cf95ce,0
0xca339bd4739227f71b646f8b23ca098c86f6c3a5,0
0xd1380a4e089950ee3a23d818e24ccbbef003a432,0
0xd537a2b2b97d104f2d9c7a84377fc11573629085,0
0xeaa511b1aa3f49d63af30c85377fe0df3a9a4c38,0
0xdf36b093cbc06522b68105c3d9141db188e980b6,0
0xe2b76c9f15a1e5841a91b404ab4be1c3e5d19551,0
0xb082468c8414f30bae1c3b6136cd5bbdffebc1a2,0
0xf3998eced96ae3cfe880ac9d2637b4118da48e22,0
0x3f6890d70511992e9fd62ccde4d55b1ee5acf4be,0
0xfb3eb8b5af7d9c38a1b6d6f4a4882cd07c85d2dc,0
0xfc7d068f069e712dd35b439bf6ed9df8f58d07de,0
0xfeb41f7dc10c98fb5a7995fd9c5de7c83e02dde7,0
0x45133db3eadd8718f5c3a868ec2f7148e460dcfd,0
0x4b0c1beea2e8a8197fc48b0425a50a7204412989,0
0x7c741ed01ee259feba4b7f9cac114f48bcafacf3,0
0xe6d5ec576a21924dfbca631d8128f5b4272a7fe6,0
0x53f1b3d8990472d1adcd7b76348e5508db17cea0,0
0xcc97dc4b6488ca9731c98e1bd5656599b08bac91,0
0x5a2b7964b5d7c71fb502abe009472984be92691c,0
0x42f2d682d9cee89a98347768337938ed8d18c266,0
0x52690f90740621f89f58521433e9b0921d626708,0
0x877adf7a6d29a4678dc86cba270a2c5257b6ecc9,0
0xa5894f85b5bb5145a69c3f4a41bb4918a8463701,0
0x0c76717074a973f3f6e3d422166c999483f6c7fd,0
0xf83fc0d27d92233e789e4d13d452d72404be6fe3,0
0xe83366a625f1e7374bd76e631010207edbc6d194,0
0x0e5c3e22b7239cef46f56741ff66369f3cfecb77,0
0x3fc9d73f76e697113bae54eea77325fd74aa6057,0
0x3aa1eff556170312a1dd32ea5937718a3c8f9363,0
0x47e64ae528b2d1320bae6282044d240ff67e703e,0
0x4e1829da30cd7ae2f3e9915cb8c9f3f203ac7d83,0
0xd35f84a9f82fbec2082b2b6c9afd20b4a8f7c959,0
0x614a62584658d555cc28b3aabdb691e85e002c8b,0
0x6b539c723716628725aee9e7e26796cfe1f38fcc,0
0x70814fb113d5b2b22902b568b67ebef657d9d66d,0
0x8668681d2017c2322d7ba37070a8ea223ef3729c,0
0xd6ce702632f94069e138d30836194b121f047e79,0
0x9feba45425c51b03890604d6ad51f4ee7c9d4866,0
0xa2917120c698fb5f2a03e3fd3524bda85a3eaef6,0
0x858bc5e9d9fac29c9256491385dc2d39090f635e,0
0xb40969f60bfa246a09593099dace2ddd543254a3,0
0xb6c4ce4eae85066f8fc45093d12444c8b89a6aa9,0
0xbbc6e7b905d7794a2318e22ec011bf36b09e1d2b,0
0xc33164f7ecc76869fafd44363cd094a22e0c296f,0
0xd2ce17b0566df31f8020700fbda6521d28d98c22,0
0xd2f2a56affb67a9ae2499ab9df1689ee78fad89a,0
0xd2f2a56affb67a9ae2499ab9df1689ee78fad89a,1
0x54e386c6c6e46cab1405e4816c7e69dd518dbd74,0
0xea9f3a983d965e582c34eb852c18babac52050d8,0
0xf81489f074a9f70c294164e07692559269f3defc,0
0xe8bee2f6bf252ed9efbbd483ca4093ace7350c92,0
0xceae4ca7d082856d140f3672780029d6e90c3dcd,0
0x9233389b9afa0a6e3bb403f9d211c23a3b290d69,0
0x19bce10bdd129d80c210a01826f1ad4dd1ed8273,0
0x09b2f0988b6d24336b348c84c2764d2b4f85142f,0
0x4c97762d6b0355ba508abd284e55afa4896525f5,0
0x77acac99ac831a1574b9db4d15299e98e195e6ae,0
0x7dbba7f0551aef5894fd6ee331b95dbb4349f5d4,0
0x11267972b5ec7554fe1b315390c8315f91c4826e,0
0xe72eeb929e5aa9bb4f6a346376546a19708c100b,0
0x30eedd4ea7e1959fc9d6879cd26f1d8baabbc5f6,0
0x5d89737e854c860d25e106c498c6dca0b516ed7a,0
0x69066c632c7a79cfebb10c74381ea62b64462d43,0
0x5674ea0b10559d94d1141eba00ff14211ea50151,0
0x3167b9eb4392e5007ddf5a3df95ed9d7966cdc04,0
0x01ac9c8027c3c91c49b33d1dd084ed5b87c7dc92,0
0x2d3fd9ee49189959368448a5cbc63213121d66b5,0
0x14bee91efb79a8eb2332c31177fd3a61481ccc99,0
0x1c5cf95fee6bbd42e23b36167bca43c44b279e3c,0
0x61526ca189ba3b508780e794667afa0c7c3002ea,0
0xaf77e6ce8fef4b096e909ebe6c475cb991c27675,0
0x0cb1b32f096302c93488f072ebd3c500d2db850a,0
0x31231036ed51376a70b3824d7da1a4e036def5a4,0
0xa09a8bff2bd55a4cc980a0b08b0589807d981959,0
0x865b85a6b14efdfb42377da0469ea0e19ba203ad,0
0x389458f93e387fc568ca4568c231a64ffd0456d2,0
0x26170ef869643debab1491cd2248410dd5534bc5,0
0x47d278101ee9335c3a3baa14fe184f757229a7b8,0
0x2b6565c457d6e73efc15eab80b8ffa34b6bf122b,0
0x5d0d23ae81ebe1b6ac96411b2c7bc3bf7463fa25,0
0x6bae54650c0d17f4aee76839a7d319dc5060d6b0,0
0x6e1ac9b3f4499a73385dd8d2daed6449406d49f4,0
0xdf1e3abb229d42a182ad61ce8a63355a8a3eb0f8,0
0x90af376346ca97d4e9d1e510e82543ef99b56a28,0
0xa10bb823fb55a9199e4f521d0a88993c4cba7150,0
0xb5976803fe7b4fa10834e98433f38ba208c53c0c,0
0x8f72a6934ce350b19432a3dcb1c698d6f7b49fb6,0
0xec9e512fe7e90134d8ca7295329ccb0a57c91ecb,0
0xdbf55298b349984a50fa98c7c6965994e30fc3f4,0
0x865486e7d898e2257761a43ad56731ac85193451,0
0x9f3c44a7331ca9da2d3432bcb0df91186a27e3d7,0
0xeb775bf133c142e873f2ba6925d53107550e8703,0
0x2da903666829f302b0501f76144339213259c260,0
0xa1d3c765e9a9655e8838bc4a9b16d5e6af024321,0
0x0c4a911ed6af1032beec7c19225c91a3160e39e3,0
0x82a214b23c0119f0c37be360889927d68c2caab6,0
0x5022cf478c7124d508ab4a304946cb4fa3d9c39e,0
0x765718a8e4a5562be34b122af259ce5a71372e12,0
0x7cd9ff84abf2b23e825154aca2a62fafe185bd5e,0
0x7dc166391edba45b124e236cd099fdb266e541ff,0
0xb6c189179b204d14fcc0b608bc97243b389b0030,0
0xc9ceeabc1ac7b96fc45a1c94edaa3b10197cedfa,0
0xfeea8258077cc06444679958185f4198dd4cd324,0
0x00500bcbef9e9cf80d8a90792971a62ae3cae838,0
0x0184fb271eb5cef5ae3f1e2b3828d029d786bc5d,0
0x01a4e75ba0933eb53108516c04309e5d0fc0a456,0
0x01c1820f968a41428f1211533c4c5bfaca82fba6,0
0x01c1e8a6a1dd71a4cab9aa6d7423333002fabde5,0
0x0298c4536873f4530dfc26a4fa863c9c86818ea4,0
0x02ac3a098a3f8197a6d4a5e6fcd4114df6b3e490,0
0x0317c25bc0a90e5c3a9fe2cc12de55c240213db9,0
0x044b27461840cd8e1008514f026eed71bfde9428,0
0x04feac68a244f7ef661b53860e328d56120744b1,0
0x06074279257fde7d5ab41c9673d134295ba1a28d,0
0x061f7da2187f9b8f5f02171c799e7428cdc5739f,0
0x0685ccdb0335a933854fc4bb1d7e31cae5cd1552,0
0x072a2718dffb7861b44b9b23fc35a0ab1b2445f8,0
0x077023766c2eb9298f156369cc1954baa03bef6d,0
0x07adc2ecf69b61fbada5d8b70e49cf6bc1d61716,0
0x08642f5a4cacbbc99ff99646881dc0f820f409e2,0
0x093c3ac61178c0c44f230065186a26aba972a6af,0
0x09800064d8321571e657c507e62ca92faf5c039b,0
0x09a9950b2235c3f57b03fdfa37c63f3d9b5f124a,0
0x0b6449dcadc6f84cb8b0ad76eb9615f3a9adf37d,0
0x0bd8e94e780c4d913d0b0c4869402daded927dae,0
0x0cb7a8040fc537dc9b9f657e27e3d503d1b10c70,0
0x0d11b389003f22d56e5c39104dba80cc59ab17f5,0
0x0dd23f7e2fc3eeffe215e144167537dfc9f0753f,0
0x0e4b0ad9fe632c4b8c8b6911eda7919aa936bb16,0
0x0e5700caa26e791ce8be2403aa5eebfa3745ccb4,0
0x0ead056e422f0cf4247c22ad774459a141cf4eb9,0
0x0eb35e07e21e73d812d480cd308d645c227b53bc,0
0x0ed3bab35fb85435dc4ede25fee7153b4d5d6ee3,0
0x0f3f647e19ddf45d1a963527db2af07c8175db20,0
0x108dc3cfd0bedfb8b72efcf1dff4b279e7660984,0
0x10ccefdd1323a0053f9bd819c1a7b8c73aebe959,0
0x10e6c4eb8ed1e316135f78a3c4725411b3acbeba,0
0x10f64b866586b58b877ead3c3b915383e73a909b,0
0x12000b22a1a4169a4714815bf9bb2eda8ccfa7a8,0
0x13693c3ba1ce81be579752f177ee49e70e809830,0
0x1370006e1416c3651f1bce41370804a1868c5b3a,0
0x137685069789517dc47e19f011c9196cd9caefde,0
0x151ccff63d5220ea6c3b5271f3970c3b1cf187f9,0
0x154588c25fe4b0f67964c3e84d69442b23ebd354,0
0x15747e460ac188ff91b350f5ea19be140d2c6535,0
0x160214e2d2e4049b640ba712e88c8c5927778a26,0
0x1676ec3827198bd9c89b52d5fadfcc7899825bd0,0
0x16bde61314dc8a4ae4a0cdcc9e9d3ca070b64a9f,0
0x16c170a26d901f6dc7a305ee7d1d02ec42098f15,0
0x17d7a5754304ffc13c82ebee0aa1cd3b21cc5069,0
0x188c7fa9fb2dd6c766d1ecc75a14e16a11b93efc,0
0x18acc34dace0e7fe8372f24835ef251c89e9e009,0
0x192040b6f063b170548cb0736f0102324f2f8442,0
0x1c191f95d76672bad789a71569b7909a64dcba0b,0
0x1c8e3c9bca8aa307296f204a4b06003741f645e8,0
0x1eab713febdea6ddb642b166ce5b25558f82172c,0
0x1ed7aa03d058023499df87cb6103e65190674ddf,0
0x1ee5fb5fa916a75de05b3b2afad6fff78d9247ab,0
0x1f45c904317787c4fce97ae0268013fc194cad9f,0
0x1f894cd977a23a37f5031175dcc9faa8dfb871d4,0
0x20db55f5345386726af47802f5b8ce5b4ddf34c7,0
0x2148df7b2cadd16abc2255b3433c8d16d3e8769f,0
0x214f85fcaeea5930e090571fe1e7873cf851cba9,0
0x21b9a4f739ca563d06c7c3ee98f45317b66481f5,0
0x228f5dddc9d757e9eecd10151b60782f04611160,0
0x231f023c4044af2d017d7f0a423d208eae478039,0
0x23481f8e514fbc3da9dea29713a801e5b8cf462a,0
0x23711364e014ab455dee32f02e6d2ae7d070f9b9,0
0x238740d21e949d643a55834fa453b581d0b7ee65,0
0x23c94595166bfe50b8b1d48057b18c22d8271a00,0
0x255be6d417d25d553414fb9608ef6303af9eb771,0
0x25641127c4772a2f6cd00c75f104096640dd27dc,0
0x2571dc80ae1ac95192be95a326d82bc226fd73b9,0
0x270d2fa547a6aa19a95c48ad1d7929354e924e1a,0
0x278bfd54e7e71346f92ef36c6e34145d14f017cd,0
0x2838d4211befe0269d22dcf39fe6b8489e985a2c,0
0x292402b58d40393db796380cbacdc1d9d9971beb,0
0x2937769116151d3609bfcd7b5efd23dee4f4d913,0
0x296629f9d98368aaefdf52205cdc5b433a3cde47,0
0x29d53ccd9ec7cb55792e4d11715928de9a6363d2,0
0x2a3f3869feb04446883eafc567b58803099458bb,0
0x2c6902acf8d90cddd8715e29b0784ffed4d8cbd6,0
0x2c77607647b9409fc41fcbf9fa51c181d91ce086,0
0x2ca2af7b7f2c819ac7e8aef174de6afa72f43646,0
0x2cbb383a84c6b577ef949e1a528f0ebb502dd331,0
0x2ccefb458659e3098683fb00b9a59881612cf86c,0
0x2d00e20e9712618b68b3ece1297502d4c9bd70d8,0
0x2d41b6b554fb70a1b3569bf4db4c830ae35e8d23,0
0x2e9cda73bae3f50b7d0d08283bd44f59011fe5be,0
0x2f05a1f7ed11734cacb7f62f979eecb09e68b360,0
0x2f44d869497e1c4f757da075bc999f2dff6c8de2,0
0x2f76f1a2d21c87275bd8a3bbd3a6dc534f7d0770,0
0x2f828afea4b774e7c419c4d436e3648eec17ccd7,0
0x2f97bba4843abd903a9de59f7faaa5c5b29076ae,0
0x307a693c69515ca0fad41f672be3555c7a7c871e,0
0x313273e371fc40c1c374c498c781c30629a8ea2a,0
0x318cea50deaa14d530265b1681abf4ec745cdb77,0
0x31e99699bccde902afc7c4b6b23bb322b8459d22,0
0x323b06b87c80713242f3ed28a989ac2b19a9936c,0
0x32a88f097056c773569abb6a3cf8d88228466e00,0
0x348dedfc87d8f4afdf2fb5eafb2dcc8778a14884,0
0x35eb9860cc25f683d2717508c7d5225a630b3eed,0
0x36361a8e00ac5af212309ca76024d123e9b8d1ab,0
0x37e3452a87f8df65bdda3695ac0a0237fcb8c3c9,0
0x3815b87b355a7af24bde3dce518ed255a82ad11c,0
0x38483df47fc7237586e3333ce2499bb6857e2ae7,0
0x38647aff7971315a715df5f9a374c59c9a52c9fd,0
0x38cb97795a66a1a77f1e33fdc6bd2ec0c00a791e,0
0x38e1e03d81b6409ab7001f0de3f643cabe6e2ea4,0
0x38e35afc89b51cfeb6063545e62d98beaa207fca,0
0x38f3384ce15b60a502aa69a28b9d47b274dc02c7,0
0x39974e437255c4a2f888ca4f18109ea5fa8ea74e,0
0x39c4b7e09bb76eb59fb817d90057413265c1fe51,0
0x3adbab7cd849abad03e3d27feb514adcab6cd5e3,0
0x3ae5249875f8c058f4735c7a3f91de92aac807fc,0
0x3ae9539520849502d25801d89b12648dabe70708,0
0x3af7f85584184f63b533e547e255ae7265ee6a90,0
0x3d38729c81dc8a19a44e7ad929c3b8580eef97c6,0
0x3d3ffd12678a06193e353dc4534e0655888b7445,0
0x3ec1a0f0923a25dff523db494125cb77e86d85d9,0
0x3f90e130db6b0e91ad30576d803b51a52b7f77b6,0
0x3fd668561cdba0b33630df1c167dc4934db775d5,0
0x3fdd2f0ae2e8a9505d84039a5275c936a1d65c29,0
0x41de1eed3fe18618f0df558ea363c522ec18e194,0
0x4292714162041c6c6f33304e002e68d2e05e87c4,0
0x42cfad73122bafc1c100665efb5f57b346e22e3e,0
0x42d1d4cba863ccc3ab2c1166a78332be9935488c,0
0x42e250824bdf98f3e450784b0c1cdc3ac2f157e2,0
0x4314c01d54a0476821ecd5cb4c33f910660dca3b,0
0x435b482cf0030e3b688b47477d8c123a5a5be3eb,0
0x43824324e14e054606608d316480faf2649f04b3,0
0x444048a9b9f8a375e91398eab4934e810e8477b5,0
0x44e55f209986a1bbbefd705e1e05ae4d512ae851,0
0x44fea95a418a8f6a1a3fc3670ca911a81032d2a2,0
0x45500237ab9a73613b2646631d30ee1114f87ffa,0
0x465165be7cacdbd2cbc8334f549fab9783ad6e7a,0
0x47940f6992d9d0c9d96e412623a75033285c2683,0
0x47a6452c0adb81c0851a92609e577458807212d3,0
0x47be83cd4037b98366ccaaba4e10b1a5d5486f14,0
0x481155c1861f73af4f31e6c1e703c37866bd4131,0
0x48435c67bcb43e35774dffa2a53aadd918bf8969,0
0x484af812ef1c1a1771f1101d09e749c24a7b56a3,0
0x4887634010a5f951af5532423934f626dea3f391,0
0x488c537193858546b48f23d431cd396d7d23bbbf,0
0x49d0f78e075b4093909554b29ae686a8700f1fa3,0
0x4bfad8b32918a0a7e9275d0ba8b1d9cc993c9c92,0
0x4c8a472bf54fc484ea8781969ab5959254d91d8c,0
0x4d16d1de800f30afbd5f42488cb9440c19c450f2,0
0x4de35f17c05f950584f11ed41f8399c40141ad28,0
0x4e8f9778d460954d0504de6bf2257c1fcef97d40,0
0x4eeae01fe50a715a7552a8b583ce1df5419d175e,0
0x4f798e5da5790e20704d850120df6473c50d98ec,0
0x4fa8b1039967e06fd17850bbb0396a634515394b,0
0x5059b080a16e9176f9e61e26a7e3944b1c13a8f7,0
0x515dc153ef883cd1b3c898b9af1261fcc10d8377,0
0x51b2853e38f64c1b1027e839c4f555ee9c225e3e,0
0x520c7792f2343c7a5c9f230bd39c565918fcf215,0
0x530cfdf08e0da2f0c75b750c62244e7336922518,0
0x5332175f50b94dd130e2dd7f89c79cd0a7b88dce,0
0x534091031ffa0972a451c07bfd9f3b45f5f15465,0
0x536f800daeedcbc2d7a617ea8f3b7c57162fb117,0
0x54529c88ffe384b4ed6c3d78803a98d176f3e199,0
0x550829604f7d4b13b47ee0ed2ba29ebb923b2a7d,0
0x5514a08f657685ba7f1990299da1da1fe9ce44f7,0
0x55e19b0647a6fb8c8e4d9dc638aa6d64119cfc1e,0
0x563415679588e508c0c8f0a729c9bf898406e9b5,0
0x56431ce134259e4e2d579abdf608de487f25ab8c,0
0x56af3cf54fb8a09b8bc116d98091a0753daea310,0
0x56bbc59c225bf72e6ad1bc69db9d60ede2731e91,0
0x57a1fcc7c7f7d253414a85ef4658b5c68dc3d63b,0
0x58e5981593a25ea79823aaeec437cb09c7438f0a,0
0x59e027dd6c466c397a51aa94b59b6b055e19f228,0
0x5b20cbbb5cbdab4aaebd905f688c81c1e11a2115,0
0x5b7f9e499224d1cebe4e47855bafe1ace5c816e9,0
0x5d97eef1148d47db3ced0dd7f6f508f38ea778f4,0
0x5dcdd264323ea7bcb7bc66e07e11feb6a3854968,0
0x5ed39ed5c210bdb9e67385478323e6113c33b1f0,0
0x5f20abebe0ba11a9dc0f08e654e416bbee8979f9,0
0x5f8c8d31750c9b93df610686cef2b4d50091bfea,0
0x60928d28f5b718ee49759e2451aa2b769d9d1dd7,0
0x60a6b8ec55831ef4b52be27a159f5db3e9a765d2,0
0x6299569adeeabacf5556310be3bbd7367dbd25d4,0
0x62cafad11d1a34632a4dc9f2b81a23dd0a39be0b,0
0x62e7b499c63f62f7443f314de3cf95ac26f475fe,0
0x6316cfa9d85c293d24ec47c01491dcf043313081,0
0x6386430c19c4e3185d0392551d4c6a961a31ddce,0
0x63c9a50c034990358a8b4b2fea5e6ae867d37e87,0
0x64bc3cbc8d1cee415f5671e1349b174377c3c3d4,0
0x653eac71caba2b15945027604e150d49d5a17436,0
0x65a7ed5114e585b66377bcf9f0c07c0473ad3c80,0
0x66aa2aea7b7b0abe28972b1eeb6d727fc43418c0,0
0x66c31c7f9f7b83e9f3dd7d4a1927718699c0fd23,0
0x66d6011594bf55da9ae10d809178ff59a9c5c8a4,0
0x673d83730c9c52c2dbe95556050f4bd7c5283c0b,0
0x6844b2b45092bad055af05e128a1ef737d7b6fcc,0
0x686c52c65c6e27a2a048fa24454b980b140831ae,0
0x686ef4708068081febe8ee0b7f182b00afd1856a,0
0x68cb66baeca7a5f305fbf4ed24aa1b48ab4ac508,0
0x694e21df413cd3a894bb3d007b0d218552430fe5,0
0x69fa19bd440a3ad5240ea8b9d6615d2199ff898a,0
0x6a0d47ab91b44402f6a3ff567461176b3064097f,0
0x6a86cc3acd828abbe698b24e2c4d7da6b347981e,0
0x6ac6dd6de03c0de52d36add49049f869aff6d291,0
0x6c0ea11e09f138d56e61b9dbb86cb7422d4e7183,0
0x6c21cc8994737668ae73e9a77d95fa3951895e44,0
0x6cc4774cf4d4c738e3310f1b210c6ffe23d93999,0
0x6df14b76e940b679f9da317dfe82ddfdbd0b83d3,0
0x6ee2766878dced478195a22d517725159e74e63b,0
0x6f36822b64f3c9498845ef8e1af56ec52c3e8836,0
0x6f533e0048fb573cd45c0aa9dc31b5c6ebce02df,0
0x6f8867ff17b77cedbd0c47fad00de27fa6f79a36,0
0x6fb855245bbf97623533c338b24558e8f5cbff82,0
0x7034adf76d5b3fe6ca953799ba4aa05e511db56a,0
0x707f13ea1a77349c9ad06b4ada30d70aa2ed017a,0
0x71784687d4c74338bf284bea22956c74fbe6d631,0
0x72d62dbe6824f1c394c7cca3027606143bf18025,0
0x73d30ba3dc4ffd17c28cc2d75d12e50df98f29cf,0
0x762b34974ecdbcf8d9015125a48f7b4b6cbaa205,0
0x762d4bb1b25060442c85e4842717d6091c08490c,0
0x765c0e040b294d7e3607373998f2bbb7259673a7,0
0x7752b30ebbc753cab112298db890c83dcdc500bf,0
0x77e43735f712b42dfa6d36be9670d58cf3ff0179,0
0x785874fcad624765f3eced2097694e3cb08983d8,0
0x785b8175e201e6b89457186870f89941a61ca307,0
0x78e233aa5415eeaa4fcfb3cf3ad8f116f14acf89,0
0x79f32ce68274ae8386caa7f775c2b4c614d5a38c,0
0x7a349a913243c84b428ccae73f1a6636235b151a,0
0x7b30324a401724118acf0da60bc07b6ce5078713,0
0x7bc91e2a0d35d33d26a2c44497d99da594487a54,0
0x7c248fac63af706c0f94033c6a5172b1121f3335,0
0x7da7b9d71498e8906c1214a2e08598c1928c3d6e,0
0x7daef0084b8bb7f845e4d7ec0bdf4bb0992c0621,0
0x7e1a4421a52ffbf510016312df09e45d02339217,0
0x7e3ed68a06845ed4565ae3134671dfdb89083358,0
0x7e8abeeb2fb47da47b4ec49183ca831e14d7aa0e,0
0x7ef1f7bf886385447971c43f835a2db147e7d928,0
0x7fefbe95c2d07e5aef8dab8fbee9f66110c54b6e,0
0x80c008a7c9ec056158cb1f64024e710c8398048a,0
0x818ee7abfa0153ed3fcb1cfda103afe92bb6efc0,0
0x81ea6ad8f91a4c16c250a55d77729438bab138ba,0
0x820368ed400bbfd13c7cb8b030ffc935bf373ea4,0
0x8210e476d9af3c31bc453a3c09a90c04d8e5d3a1,0
0x823c96bf9f053f0d22e9036dbf5c2c8f923e5139,0
0x827f160fea5b13a52cc1faea42d5cef00ca62715,0
0x82e133653e5069a61062b28795ef19a99a3d2c75,0
0x83a7d09d613ce63d9b9c5ebb16dc48d7f8ca8942,0
0x83bd9e42851d6993709518325bc7c6e5effee069,0
0x83bff380d2c59f88f3132542fb23b40afcf361d7,0
0x857cd2c8b348237327661325d1d353af4f14aa4d,0
0x85cd82ec1770e8ca9b14e57ac5b232559d98cdbb,0
0x87104dcc3a9c95f0f2f4b2498cb057576ce6b800,0
0x8755cd0a330b78b225ba1bf03f1b5f077964d81d,0
0x87f420535c089ffbc1d3217de6a1a74a815a894f,0
0x8813b06dac568f4672190f0bd22832cfaf65c3eb,0
0x884179da3482e57676f6794f9cc879c06b569c88,0
0x8868e984009e484a37ee63ddf1bea2531a099aaf,0
0x89d42f152a826e28c69413ec5c98e6bccb7c7abf,0
0x8a08f5acb45d1c28c5db1f0f7f02ebc9a3bff731,0
0x8b3c7267f73832a227490ae729a128ecb4c3e2db,0
0x8b6b34a329c60e14bb47200d3876cd7ce58ba029,0
0x8b79bcd3cd2e5c50bb56152e162886e9a03df4bd,0
0x8ba74b647ff7a77f79945704ec62c9b88aeed0cc,0
0x8ba9dddececbd7f2a6429658f9b8e09a60ab671f,0
0x8c39a66ccc0f22ade61c59c7f21bb6bcee4921f1,0
0x8c64591265f2c8360973f1a1488a4e3b718102a2,0
0x8eebf827017b7e70be2238ace49c50ece461036a,0
0x8f2bf9badc6a5d4c545a12eb049d2fe381cb4c48,0
0x8fb07b21383d331f3752a7590b0cfeac85514a1f,0
0x906607b298df0efc07234258ab0e27a4dfd62be6,0
0x90aace888a9126e93fec84c6ff149b48338e880e,0
0x90b16cf065d0f188d1b783edbebbdd4a7a68f044,0
0x90c414725306020d26f305c0df1fc3e6d71f5e2d,0
0x90eef7048038f502cbfe6809bd34c2004dcce30f,0
0x912465725ec780b378f21644f1f90c8d4b06d47e,0
0x9150df052c9ce5a68fb3a0028a657a274ab43258,0
0x9282f19f9db26fd8bc502307e1fd8ede40b06b4c,0
0x935e0ed266cbf625a098c45dae4a12cc016bc8aa,0
0x93957579bb5a3b34819108333f06acf1ea0d3645,0
0x93d020b0c5158939274235ee9e670edb9612726e,0
0x942cddc9b687eb0fe58b651bf552f62de9dd3573,0
0x945dbfc559889618d23811e4164f7f94a987ca41,0
0x94a4b200844028a8b904e3024a55aabc7af98df9,0
0x95427b66c8f99667570bb6da6c125944ff123eda,0
0x955f564e1d878ad9e9bb6fab7caafaa4918d1791,0
0x96e6dafdf012b9ede6ad50c7d8ee1e656a85dd60,0
0x96f2db745d89e571ceac3e443f8c80b2a98aa571,0
0x9766fab2d574641a70e48cf8855921d962ecb3f0,0
0x9776c82c8a4e9a388829cf4bd78d3cc7b25e09f3,0
0x9799df1ec1b3dee4d7beb5d79133c13b5bc7808e,0
0x98355da7fe714561bbcc8ec20c978546e4115550,0
0x98388ef43e07be2009793f424a4f82a1c40ac9f0,0
0x99344acea3bca6399caab4b5a5c56e9988d9d644,0
0x99a5331b9aacaef3516db30d9c59efa6c760087f,0
0x99d044f866f610d78bd42db7fcf2e8d13473451b,0
0x9a6a7b16e85c352864174fd6d795a55b7e4fab5f,0
0x15b3dd661ddd4a1c322a8884fb965723b3978755,0
0x9b4031ff0f233c296cb47e6803be2812bf3cdd51,0
0x9c21c877b44ebac7f0e8ee99db4ebfd4a9ac5000,0
0x9c4a5ef054600636da92e3e18481b0f2ae542aff,0
0x9cd096c8abe256dedc71d7f50f90f2f7dad77dd6,0
0x9d3b80edd8ac51ccd91043031a93dbf5bcbcabf3,0
0x9d73aae64ec16aa0c85f0261e9a4529316d533f7,0
0x9e180c17d6f6a5c68f87d9d29c6a613bab6c2bf1,0
0x9e68003214bb9a47336039356a54ebbdbb1bd591,0
0x9e8d9974d8660699b641cb676b989a1b3d42ec1c,0
0x9fa03f422b5aaf9c74f0464e5ae7a3c9223d646d,0
0xa068870f02ddf61a55009e3f5bf14b4f32b74a6e,0
0xa0d6951efdc62ac1f86dde6975113dd590e9facb,0
0xa198a223437b9da554bc197fdd0d61e1dd831cf6,0
0xa2f26a92794488a6f41970108e267e1d67957652,0
0xa4afb515dc5fcb4d40949be1c9520ae71c0220d0,0
0xa52997ab60c0fb10fe136981b3d4d26d8e863430,0
0xa589e8c3134766a8173d4c9443ce3ca94aee6e97,0
0xa66a1574769a28f9a450313c9dd3a209c89ef1c9,0
0xa69da9298a3905cb9ea3849f3fbf6a3b54b3520f,0
0xa6e2e910515e6cf485462eeb6e454df33c60cb0e,0
0xa6e7102f702c9b00fcb0f8b0ee7d521191402162,0
0xa79295ce8161a6c19f6c5b4a4705f6223b95958f,0
0xa7ab7935624b8b76a9a5f90ce618d9e9af97e2ff,0
0xa7ad4296d9f41434d1982a4c4cd98df88121858f,0
0xa817b0311e2013d8af21c4b157ec4a1bc01eda7c,0
0xa8189c566c8b602e23b016da819c11dae50160d6,0
0xa85339320fdaba806d935494292026a8ff6828f5,0
0xa896c47a78ca6e685f78624cfe6f96a7ded0f00a,0
0xa92af99be5c31f2cdb609ee8fdfca25033dda94e,0
0xa9b36da931a19a7619b6bd5835a3765dccd7c298,0
0xa9c501101c7b165090abb56e95efe1129df9deac,0
0xa9eb78733463234b34b18b8037b475e8115c49ae,0
0xaa2b75c3213339e6247607002e20e2885d12d41f,0
0xaa7021a14232ed685c575d0d0842148a1d7876c8,0
0xaaeceecdd71370e81f49e539f07b733fed9e3e7a,0
0xab683950e82fe794acbcfbc226e64a9e01fb507b,0
0xac2d4cf81f9d24db8465465d011f8a104fdfefc4,0
0xac50977b63f830f9e37d80a4964eb12341995516,0
0xad5e35b2d63861d11d819c2145b505098acf5688,0
0xad8a3008f7cb4a8e9ad5e39540befc3e50b17489,0
0xad9a3c7e12c568100a326dd5c216a7e1e82be2d8,0
0xae8878e6c148e8368a5d45e58c0371ca83b220e8,0
0xb0bf5c3c91692b45aeb97e82fb234be9240014ad,0
0xb11be3247fd41ae3bbca5d561143a8ad7804fc69,0
0xb11cb1822ca565fefd3fd2d53eaa8784b2f5fa5d,0
0xb18e3c41faf4139b89b4ebf1f5ef645a3ad0ec7f,0
0xb19404d852c6299806fa1df2863fbcf751cc0fef,0
0xb1d968d12c4387634ba8cfd84ed7b45c32f80528,0
0xb272dc6ccdd711dc19b194b71402905854a03eab,0
0xb29479ef88dfff8dac466cf6c716e7985c4241c5,0
0xb2f0be5d13b1b569ce8db861d58e4a28a3767fc0,0
0xb2f1f76f6d877fa91981f5211b9b171fa52785c9,0
0xb3f35defe4bb1254b7f2238ddccb433d4ad0e841,0
0xb425542db7913db8cbbe77410ffd059a48681b07,0
0xb472d81d330fb68402e4e4ce1f4a36e32846fa85,0
0xb4b000628e8e9e4391df97052792f349ab9f593e,0
0xb51906278fc209710dd755212fb7ea8d4d423df0,0
0xb58e8f36ec46e8e826a4094798739825a3f37c6d,0
0xb59052c91f1fca7449be0afe61439770fb2f2733,0
0xb5fdfbbddc872d08d0203cd6d69d5ce67eb4c761,0
0xb6ad42d615759e50c8087849a2f6f0e2032f7085,0
0xb6e42f63024861bc0ae495e30b788f85284078db,0
0xb7d032cc77919e17078a172ba98af27925a4a03d,0
0xb7ef43036b28af1b1201ccbd79b064e35724f60a,0
0xb8b6910ed0cf70f92c9a6327838dad479302e7ad,0
0xb8ddb41c2f861b60aaffb75d1b6cb77faabe4a31,0
0xb9440f8d49599ce585beff70e6e337fdbd496aa7,0
0xb9639c77a10b3689b9c642d469870b10566cc77f,0
0xba2b941c148f6ef7dfd1f2838e095396c6cb7ac5,0
0xba2e2d5935b56d173bdc57639d96165451a5a74b,0
0xba2e80144fe3ef8881fc5a816bbc607768e91321,0
0xbbdd1b3c87c211e482cda98ea14fa8bf50022ca0,0
0xbbf66dfc08e5e74ef09e219efc857c24a8528096,0
0xbc5e0726a49d7eff356bfbd2b91b24dd612b0533,0
0xbc6e31e4fea1c00e5271952d374d35b718cc75be,0
0xbc78ffa671925fc5c86ca6362b19d47617af9168,0
0xbdc4c923d1af852a47987d2ee9ff2230ea8443db,0
0xbdf5ff3524e9062e10c0e6f29234ad67d4adbd01,0
0xbe31f41bac3fb160580cc485e55f9fed9bbe1b83,0
0xbefebf764a9c6e092fc6ef26e5b534dc52e4dc18,0
0xc020f88e1403980823c406e31c0e5b6a08c1e9fa,0
0xc1871e12d132c37196e4d9c69beaa5c660576065,0
0xc1a0c3980e9df32ea752ab673351008287b7f6a5,0
0xc1ce3f7137ce16b19a2363c3a14b8f1ab443e7e5,0
0xc2065e8c845448b6fd7a3ad168918f2ba6e9d45f,0
0xc2eaa5870c31ffc069238a3c73c79bd29826e299,0
0xc320a802a1e1c587a7f9433752523f17902de373,0
0xc37dfec58ffa5e0ab47fc2cfd5362e06a86380ff,0
0xc3ae6e0dd713ebf7ddfc6925f92ecd6fb83a0ad7,0
0xc43f212a0628a1f30e4955d87af722c2a55be359,0
0xc4b66bc2634889354aaf2a7e60afb551869df594,0
0xc6737d7b4812d6be92d6c0315ef8f82a8f5defed,0
0xc6bd8e716b958b9da5922bf7ea30e871a9063fbc,0
0xc6e90a981ba4c7df0a9008b770cd34f41a5aad0e,0
0xc700e16f61041fcf717f0930227e26948c746bc5,0
0xc71e8d9c352512540a94a0b85582a96f82ac7b4e,0
0xc762db4788dab62112a05a7cd9c8c381933d768f,0
0xc7cd9698a94323a0f874d58a52641690a838c416,0
0xc81bdadc8f4541a03296ac019fe830331cbca51f,0
0xc94a51c4e9dca45f9b402a0fe92699f2d83811da,0
0xc97cc6cc4b07ad3f5919165c99ce43437d6114a1,0
0xca0409f713a5d4aad11c43ae5d1a7ba045341895,0
0xca68cab8e1f0b78dc4e0c0ef08c4399fa54a4e3d,0
0xcc5797a24417a337b93706fb432b0e0252b20e11,0
0xcc5a7686906307673baa0e3c6022767638433cc7,0
0xcdc2b648aeea9302c9223e875608faba31538990,0
0xcddb9aaafde55d0c01458bd09fbdb60c4f68af09,0
0xcf85f08c2170331046aae812a1893ac94fa63f7a,0
0xcfb586d08633fc36953be8083b63a7d96d50265b,0
0xd00911c7f9e5993ea0cd28cb615c6b21a0101666,0
0xd0d21c425c78c062cafbb2c62e4bff8356445cfc,0
0xd1a9976dd60b647ef608b44b164fd0ee4fe01aac,0
0xd2a947afd4212adce1750c0e7e1a4da0c57c8c05,0
0xd33fb570e7d1e7d869beac5ac2ecb4dceda276f5,0
0xd3fa7f01cee09ff1e5924c7a2c97c8f51e579226,0
0xd401dae93bde57b2e88e3953df749d6eb1c9c8ca,0
0xd42ea4598e9a4ab961fa37c7a6e21184cf90d27c,0
0xd4a78a811768a589a297e43839b5e03d1ae8a8ed,0
0xd53e259f15cfa80e31caa5ab346092f94262f049,0
0xd5784c03a308e7448b438decdaa2b8c0031f6042,0
0xd744f6f74f65cf328e744a80aa804eb3db89b081,0
0xd7f5caff25b559a5fc6ccb5f343cbd01e83dad34,0
0xd88744d0cbcbd42264e837225bfb672d61a80bc7,0
0xd8ed5f1fc84046f9050df9bdf8b59ae1a5aefb20,0
0xd96352d264526e78a92229c83a29b1d7159ce031,0
0xd9be72a803caa9b2ea0fb20f95eca03bb2bc16df,0
0xd9ed1f8c987819e3a12a4a583342316d2fb6c0ff,0
0xdac6ea68a6bf34a972118398de4ee48d253ab4ca,0
0xdafaa782bcd1d519e7374a8d4a33be8809d2023b,0
0xdb046f9ac17f88b65cda961d10a8269ed37af2e2,0
0xdb7ad4166d0a840c36b03ab4c81ffaf35a9a6edd,0
0xdbfb3f7ed1619c1699844b680860457649f72ec7,0
0xdc751f77ded0298937f14bbfecf7d6bf5f21571a,0
0xdcd59ce8f73a67bcfeadb5272b565c6cadbaf614,0
0xdce19140c3047fef4747bb819d287d8c04509bf1,0
0xdd707055dca38025061059de8bcdef4e6f1819e5,0
0xde28337cb4591745d91576674e4b5cea15d3895f,0
0xdf07a7e8827fada0fd4e65d09d9ddd43a457d226,0
0xdf27b83d179f2acbdd3cc2ce964eb8b3ec9de5d6,0
0xdf4bf994c3097d07538464bfd75280ac861eaf3c,0
0xdf61c50705beb255becef635f119c7f8cacb47ad,0
0xe05761a6a5f465d8d3c75bd4548998dee142b068,0
0xe08674e4d147da2fbc1d698fc51bd8799d5eda6f,0
0xe09950b7f6dbcd80dd5f307bed98adaa7f619b1e,0
0xe0b282f3e3a005c617a88758b3bb2a5480beb9b7,0
0xe2843a9f551b9471be70cb58ab61cf1bd848f8f3,0
0xe29b6ad7ecb8bbc798c7144dd0e4fdee11917ca8,0
0xe3d5193ded177a3c00dfdabefababeaabf10a31e,0
0xe44591cdb2a3d74227cc30b420265ef6b587e770,0
0xe4b5b644a522243529da5e64211f84306696714d,0
0xe513e29ff7ede7e01eb96e2d3fbe1b1189386d06,0
0xe5c56420cab19ae8802924db7cc621a79eee20bb,0
0xe6240101cc352bdf176f194e109f9eb6f9738398,0
0xe7bde71a346075035312fc808850cfd5dc9497c7,0
0xe805b95620b3b00348a76cd323d204f96998c964,0
0xe8447c9a3d39b1467bbbbcbca75f8544c4486a20,0
0xe90f765cfcf115d31801e13729c7197a4ec3b1d8,0
0xe9581fb58eb6fdcbd45fcba793149bab6b0e0c4b,0
0xeae7a6a8b21e371c13f115a1216e9ede68df8166,0
0xec751ea595daa70c3c979d20cf6822b41cd59d7a,0
0xee1768ac5fa3fba79c2f9a78f15fb79b5b61ac59,0
0xef15f4c1a77cbbc03842fb01cec10b44e8879923,0
0xef628669196277859db27272de06076cdbe970b3,0
0xefc46c64cca133d2b9cd170d84f4d4e55d34c6e0,0
0xefd16c6126211b5494d035cdfa17d53fe0ceb814,0
0xeff63ad1f8cb8cc9d6063274f547f6d5d4928a6f,0
0xf0a57f7ea0eea603ffa531744facf088d585ad0c,0
0xf175b3873939512ae92ab68f3078e0db5274d42b,0
0xf1e82bcecd8a5770c0bb3731a76ac0199f912ca6,0
0xf21f6cbced584b17f22d34b102b73e5c06761b21,0
0xe47f7f8e61709cb13ed6d7328c9d4e83ba22f2fe,0
0xf3015684b32a988ad3b16a96014ed593eb6413c9,0
0xf3772ac6a4a92d74d2e20512bdf36c56fe82a445,0
0xf3aa3406d09836b947068d0c621c1dbed436dba1,0
0xf46ad5d4a7c993284205e63e8dae956ba6aeb03d,0
0xf4ab94920df8fc22f475b0114eb1a2f613eb694d,0
0xf56562a7e747d58e31e9a1043d47ecbe4876c6dd,0
0xf588aa15cf939bf68eaad06abadea1842d252d7c,0
0xf5890e39d44d51ab09b2b02e9c7f6310e7795bfc,0
0xf5b943d4348d174533ecbb54ec6098ded101a330,0
0xf606e9cff2522366717e03b95bdfb59dc33c5f5b,0
0xf638bff3964bc6c29a649881b4976bdbbbe1e4df,0
0xf68fd87c6bf287f109dbfd6cd3ad13c7af50f26b,0
0xf7a75a236e9adb14ab45195bf8435532468cc927,0
0xf84d6d2dc4a432b98a7d5b3160373d33158a4c84,0
0xf853184415ac2312844e77cc7babda372e8f56af,0
0xf896527c49b44aab3cf22ae356fa3af8e331f280,0
0xf8c99cb131c793bf563794738e9f16b25fcb6781,0
0xf943b9daac52568c3f5b5ca41b0c31ab2d737c42,0
0xfb6a138aafa9193be5fad991b84ef5b98ff8640c,0
0xfb953d5c69bb04461b74e13655072eae8fb384da,0
0xfbb52e9a352356371fc7eb7412bbb5d74f9e5994,0
0xfbbea81be3b4961e66b2527e140fa8f211d92f4e,0
0xfc1d7ef50c0f3f3a86b7eafb469eb7b93248e479,0
0xfc994d0f81d49f8de6b79c820f9e41b7dc8f84d3,0
0xfd69392f4eabeaf20788b132f21bd8be2a22e854,0
0xfd875929bccef46c173900b8c882bf645ba8f6c8,0
0xfdab5fb8356a9b0da6bd28247989538415f74326,0
0xfe1ea8029906862bad125ebe3d39597eebc11c68,0
0xfeaff63e94268c2dd6170794bc7ddd5007910cbd,0
0xff23935a4e47c628e4eec07db02771da53875f73,0
0xff517c395baa8c367f4aff1d83bd1a2bcced9d9a,0
0xff5f7822a819c407b686cc6237b0e74654dbb670,0
